iteration,isolation,burst_threads,accepted,check_exclusion_ok,check_audit_ok,check_exclusion_detail,check_audit_detail
0,SERIALIZABLE,8,1,1,1,,fact=1 audit=0 accepted=1
1,SERIALIZABLE,8,1,1,1,,fact=1 audit=0 accepted=1
2,SERIALIZABLE,8,1,1,1,,fact=1 audit=0 accepted=1
3,SERIALIZABLE,8,1,1,1,,fact=1 audit=0 accepted=1
4,SERIALIZABLE,8,1,1,1,,fact=1 audit=0 accepted=1
5,SERIALIZABLE,8,1,1,1,,fact=1 audit=0 accepted=1
6,SERIALIZABLE,8,1,1,1,,fact=1 audit=0 accepted=1
7,SERIALIZABLE,8,1,1,1,,fact=1 audit=0 accepted=1
8,SERIALIZABLE,8,1,1,1,,fact=1 audit=0 accepted=1
9,SERIALIZABLE,8,1,1,1,,fact=1 audit=0 accepted=1
10,SERIALIZABLE,8,1,1,1,,fact=1 audit=0 accepted=1
11,SERIALIZABLE,8,1,1,1,,fact=1 audit=0 accepted=1
12,SERIALIZABLE,8,1,1,1,,fact=1 audit=0 accepted=1
13,SERIALIZABLE,8,1,1,1,,fact=1 audit=0 accepted=1
14,SERIALIZABLE,8,1,1,1,,fact=1 audit=0 accepted=1
15,SERIALIZABLE,8,1,1,1,,fact=1 audit=0 accepted=1
16,SERIALIZABLE,8,1,1,1,,fact=1 audit=0 accepted=1
17,SERIALIZABLE,8,1,1,1,,fact=1 audit=0 accepted=1
18,SERIALIZABLE,8,1,1,1,,fact=1 audit=0 accepted=1
19,SERIALIZABLE,8,1,1,1,,fact=1 audit=0 accepted=1
20,SERIALIZABLE,8,1,1,1,,fact=1 audit=0 accepted=1
21,SERIALIZABLE,8,1,1,1,,fact=1 audit=0 accepted=1
22,SERIALIZABLE,8,1,1,1,,fact=1 audit=0 accepted=1
23,SERIALIZABLE,8,1,1,1,,fact=1 audit=0 accepted=1
24,SERIALIZABLE,8,1,1,1,,fact=1 audit=0 accepted=1
25,SERIALIZABLE,8,1,1,1,,fact=1 audit=0 accepted=1
26,SERIALIZABLE,8,1,1,1,,fact=1 audit=0 accepted=1
27,SERIALIZABLE,8,1,1,1,,fact=1 audit=0 accepted=1
28,SERIALIZABLE,8,1,1,1,,fact=1 audit=0 accepted=1
29,SERIALIZABLE,8,1,1,1,,fact=1 audit=0 accepted=1
30,SERIALIZABLE,8,1,1,1,,fact=1 audit=0 accepted=1
31,SERIALIZABLE,8,1,1,1,,fact=1 audit=0 accepted=1
32,SERIALIZABLE,8,1,1,1,,fact=1 audit=0 accepted=1
33,SERIALIZABLE,8,1,1,1,,fact=1 audit=0 accepted=1
34,SERIALIZABLE,8,1,1,1,,fact=1 audit=0 accepted=1
35,SERIALIZABLE,8,1,1,1,,fact=1 audit=0 accepted=1
36,SERIALIZABLE,8,1,1,1,,fact=1 audit=0 accepted=1
37,SERIALIZABLE,8,1,1,1,,fact=1 audit=0 accepted=1
38,SERIALIZABLE,8,1,1,1,,fact=1 audit=0 accepted=1
39,SERIALIZABLE,8,1,1,1,,fact=1 audit=0 accepted=1
40,SERIALIZABLE,8,1,1,1,,fact=1 audit=0 accepted=1
41,SERIALIZABLE,8,1,1,1,,fact=1 audit=0 accepted=1
42,SERIALIZABLE,8,1,1,1,,fact=1 audit=0 accepted=1
43,SERIALIZABLE,8,1,1,1,,fact=1 audit=0 accepted=1
44,SERIALIZABLE,8,1,1,1,,fact=1 audit=0 accepted=1
45,SERIALIZABLE,8,1,1,1,,fact=1 audit=0 accepted=1
46,SERIALIZABLE,8,1,1,1,,fact=1 audit=0 accepted=1
47,SERIALIZABLE,8,1,1,1,,fact=1 audit=0 accepted=1
48,SERIALIZABLE,8,1,1,1,,fact=1 audit=0 accepted=1
49,SERIALIZABLE,8,1,1,1,,fact=1 audit=0 accepted=1
50,SERIALIZABLE,8,1,1,1,,fact=1 audit=0 accepted=1
51,SERIALIZABLE,8,1,1,1,,fact=1 audit=0 accepted=1
52,SERIALIZABLE,8,1,1,1,,fact=1 audit=0 accepted=1
53,SERIALIZABLE,8,1,1,1,,fact=1 audit=0 accepted=1
54,SERIALIZABLE,8,1,1,1,,fact=1 audit=0 accepted=1
55,SERIALIZABLE,8,1,1,1,,fact=1 audit=0 accepted=1
56,SERIALIZABLE,8,1,1,1,,fact=1 audit=0 accepted=1
57,SERIALIZABLE,8,1,1,1,,fact=1 audit=0 accepted=1
58,SERIALIZABLE,8,1,1,1,,fact=1 audit=0 accepted=1
59,SERIALIZABLE,8,1,1,1,,fact=1 audit=0 accepted=1
60,SERIALIZABLE,8,1,1,1,,fact=1 audit=0 accepted=1
61,SERIALIZABLE,8,1,1,1,,fact=1 audit=0 accepted=1
62,SERIALIZABLE,8,1,1,1,,fact=1 audit=0 accepted=1
63,SERIALIZABLE,8,1,1,1,,fact=1 audit=0 accepted=1
64,SERIALIZABLE,8,1,1,1,,fact=1 audit=0 accepted=1
65,SERIALIZABLE,8,1,1,1,,fact=1 audit=0 accepted=1
66,SERIALIZABLE,8,1,1,1,,fact=1 audit=0 accepted=1
67,SERIALIZABLE,8,1,1,1,,fact=1 audit=0 accepted=1
68,SERIALIZABLE,8,1,1,1,,fact=1 audit=0 accepted=1
69,SERIALIZABLE,8,1,1,1,,fact=1 audit=0 accepted=1
70,SERIALIZABLE,8,1,1,1,,fact=1 audit=0 accepted=1
71,SERIALIZABLE,8,1,1,1,,fact=1 audit=0 accepted=1
72,SERIALIZABLE,8,1,1,1,,fact=1 audit=0 accepted=1
73,SERIALIZABLE,8,1,1,1,,fact=1 audit=0 accepted=1
74,SERIALIZABLE,8,1,1,1,,fact=1 audit=0 accepted=1
75,SERIALIZABLE,8,1,1,1,,fact=1 audit=0 accepted=1
76,SERIALIZABLE,8,1,1,1,,fact=1 audit=0 accepted=1
77,SERIALIZABLE,8,1,1,1,,fact=1 audit=0 accepted=1
78,SERIALIZABLE,8,1,1,1,,fact=1 audit=0 accepted=1
79,SERIALIZABLE,8,1,1,1,,fact=1 audit=0 accepted=1
80,SERIALIZABLE,8,1,1,1,,fact=1 audit=0 accepted=1
81,SERIALIZABLE,8,1,1,1,,fact=1 audit=0 accepted=1
82,SERIALIZABLE,8,1,1,1,,fact=1 audit=0 accepted=1
83,SERIALIZABLE,8,1,1,1,,fact=1 audit=0 accepted=1
84,SERIALIZABLE,8,1,1,1,,fact=1 audit=0 accepted=1
85,SERIALIZABLE,8,1,1,1,,fact=1 audit=0 accepted=1
86,SERIALIZABLE,8,1,1,1,,fact=1 audit=0 accepted=1
87,SERIALIZABLE,8,1,1,1,,fact=1 audit=0 accepted=1
88,SERIALIZABLE,8,1,1,1,,fact=1 audit=0 accepted=1
89,SERIALIZABLE,8,1,1,1,,fact=1 audit=0 accepted=1
90,SERIALIZABLE,8,1,1,1,,fact=1 audit=0 accepted=1
91,SERIALIZABLE,8,1,1,1,,fact=1 audit=0 accepted=1
92,SERIALIZABLE,8,1,1,1,,fact=1 audit=0 accepted=1
93,SERIALIZABLE,8,1,1,1,,fact=1 audit=0 accepted=1
94,SERIALIZABLE,8,1,1,1,,fact=1 audit=0 accepted=1
95,SERIALIZABLE,8,1,1,1,,fact=1 audit=0 accepted=1
96,SERIALIZABLE,8,1,1,1,,fact=1 audit=0 accepted=1
97,SERIALIZABLE,8,1,1,1,,fact=1 audit=0 accepted=1
98,SERIALIZABLE,8,1,1,1,,fact=1 audit=0 accepted=1
99,SERIALIZABLE,8,1,1,1,,fact=1 audit=0 accepted=1
100,SERIALIZABLE,8,1,1,1,,fact=1 audit=0 accepted=1
101,SERIALIZABLE,8,1,1,1,,fact=1 audit=0 accepted=1
102,SERIALIZABLE,8,1,1,1,,fact=1 audit=0 accepted=1
103,SERIALIZABLE,8,1,1,1,,fact=1 audit=0 accepted=1
104,SERIALIZABLE,8,1,1,1,,fact=1 audit=0 accepted=1
105,SERIALIZABLE,8,1,1,1,,fact=1 audit=0 accepted=1
106,SERIALIZABLE,8,1,1,1,,fact=1 audit=0 accepted=1
107,SERIALIZABLE,8,1,1,1,,fact=1 audit=0 accepted=1
108,SERIALIZABLE,8,1,1,1,,fact=1 audit=0 accepted=1
109,SERIALIZABLE,8,1,1,1,,fact=1 audit=0 accepted=1
110,SERIALIZABLE,8,1,1,1,,fact=1 audit=0 accepted=1
111,SERIALIZABLE,8,1,1,1,,fact=1 audit=0 accepted=1
112,SERIALIZABLE,8,1,1,1,,fact=1 audit=0 accepted=1
113,SERIALIZABLE,8,1,1,1,,fact=1 audit=0 accepted=1
114,SERIALIZABLE,8,1,1,1,,fact=1 audit=0 accepted=1
115,SERIALIZABLE,8,1,1,1,,fact=1 audit=0 accepted=1
116,SERIALIZABLE,8,1,1,1,,fact=1 audit=0 accepted=1
117,SERIALIZABLE,8,1,1,1,,fact=1 audit=0 accepted=1
118,SERIALIZABLE,8,1,1,1,,fact=1 audit=0 accepted=1
119,SERIALIZABLE,8,1,1,1,,fact=1 audit=0 accepted=1
120,SERIALIZABLE,8,1,1,1,,fact=1 audit=0 accepted=1
121,SERIALIZABLE,8,1,1,1,,fact=1 audit=0 accepted=1
122,SERIALIZABLE,8,1,1,1,,fact=1 audit=0 accepted=1
123,SERIALIZABLE,8,1,1,1,,fact=1 audit=0 accepted=1
124,SERIALIZABLE,8,1,1,1,,fact=1 audit=0 accepted=1
125,SERIALIZABLE,8,1,1,1,,fact=1 audit=0 accepted=1
126,SERIALIZABLE,8,1,1,1,,fact=1 audit=0 accepted=1
127,SERIALIZABLE,8,1,1,1,,fact=1 audit=0 accepted=1
128,SERIALIZABLE,8,1,1,1,,fact=1 audit=0 accepted=1
129,SERIALIZABLE,8,1,1,1,,fact=1 audit=0 accepted=1
130,SERIALIZABLE,8,1,1,1,,fact=1 audit=0 accepted=1
131,SERIALIZABLE,8,1,1,1,,fact=1 audit=0 accepted=1
132,SERIALIZABLE,8,1,1,1,,fact=1 audit=0 accepted=1
133,SERIALIZABLE,8,1,1,1,,fact=1 audit=0 accepted=1
134,SERIALIZABLE,8,1,1,1,,fact=1 audit=0 accepted=1
135,SERIALIZABLE,8,1,1,1,,fact=1 audit=0 accepted=1
136,SERIALIZABLE,8,1,1,1,,fact=1 audit=0 accepted=1
137,SERIALIZABLE,8,1,1,1,,fact=1 audit=0 accepted=1
138,SERIALIZABLE,8,1,1,1,,fact=1 audit=0 accepted=1
139,SERIALIZABLE,8,1,1,1,,fact=1 audit=0 accepted=1
140,SERIALIZABLE,8,1,1,1,,fact=1 audit=0 accepted=1
141,SERIALIZABLE,8,1,1,1,,fact=1 audit=0 accepted=1
142,SERIALIZABLE,8,1,1,1,,fact=1 audit=0 accepted=1
143,SERIALIZABLE,8,1,1,1,,fact=1 audit=0 accepted=1
144,SERIALIZABLE,8,1,1,1,,fact=1 audit=0 accepted=1
145,SERIALIZABLE,8,1,1,1,,fact=1 audit=0 accepted=1
146,SERIALIZABLE,8,1,1,1,,fact=1 audit=0 accepted=1
147,SERIALIZABLE,8,1,1,1,,fact=1 audit=0 accepted=1
148,SERIALIZABLE,8,1,1,1,,fact=1 audit=0 accepted=1
149,SERIALIZABLE,8,1,1,1,,fact=1 audit=0 accepted=1
150,SERIALIZABLE,8,1,1,1,,fact=1 audit=0 accepted=1
151,SERIALIZABLE,8,1,1,1,,fact=1 audit=0 accepted=1
152,SERIALIZABLE,8,1,1,1,,fact=1 audit=0 accepted=1
153,SERIALIZABLE,8,1,1,1,,fact=1 audit=0 accepted=1
154,SERIALIZABLE,8,1,1,1,,fact=1 audit=0 accepted=1
155,SERIALIZABLE,8,1,1,1,,fact=1 audit=0 accepted=1
156,SERIALIZABLE,8,1,1,1,,fact=1 audit=0 accepted=1
157,SERIALIZABLE,8,1,1,1,,fact=1 audit=0 accepted=1
158,SERIALIZABLE,8,1,1,1,,fact=1 audit=0 accepted=1
159,SERIALIZABLE,8,1,1,1,,fact=1 audit=0 accepted=1
160,SERIALIZABLE,8,1,1,1,,fact=1 audit=0 accepted=1
161,SERIALIZABLE,8,1,1,1,,fact=1 audit=0 accepted=1
162,SERIALIZABLE,8,1,1,1,,fact=1 audit=0 accepted=1
163,SERIALIZABLE,8,1,1,1,,fact=1 audit=0 accepted=1
164,SERIALIZABLE,8,1,1,1,,fact=1 audit=0 accepted=1
165,SERIALIZABLE,8,1,1,1,,fact=1 audit=0 accepted=1
166,SERIALIZABLE,8,1,1,1,,fact=1 audit=0 accepted=1
167,SERIALIZABLE,8,1,1,1,,fact=1 audit=0 accepted=1
168,SERIALIZABLE,8,1,1,1,,fact=1 audit=0 accepted=1
169,SERIALIZABLE,8,1,1,1,,fact=1 audit=0 accepted=1
170,SERIALIZABLE,8,1,1,1,,fact=1 audit=0 accepted=1
171,SERIALIZABLE,8,1,1,1,,fact=1 audit=0 accepted=1
172,SERIALIZABLE,8,1,1,1,,fact=1 audit=0 accepted=1
173,SERIALIZABLE,8,1,1,1,,fact=1 audit=0 accepted=1
174,SERIALIZABLE,8,1,1,1,,fact=1 audit=0 accepted=1
175,SERIALIZABLE,8,1,1,1,,fact=1 audit=0 accepted=1
176,SERIALIZABLE,8,1,1,1,,fact=1 audit=0 accepted=1
177,SERIALIZABLE,8,1,1,1,,fact=1 audit=0 accepted=1
178,SERIALIZABLE,8,1,1,1,,fact=1 audit=0 accepted=1
179,SERIALIZABLE,8,1,1,1,,fact=1 audit=0 accepted=1
180,SERIALIZABLE,8,1,1,1,,fact=1 audit=0 accepted=1
181,SERIALIZABLE,8,1,1,1,,fact=1 audit=0 accepted=1
182,SERIALIZABLE,8,1,1,1,,fact=1 audit=0 accepted=1
183,SERIALIZABLE,8,1,1,1,,fact=1 audit=0 accepted=1
184,SERIALIZABLE,8,1,1,1,,fact=1 audit=0 accepted=1
185,SERIALIZABLE,8,1,1,1,,fact=1 audit=0 accepted=1
186,SERIALIZABLE,8,1,1,1,,fact=1 audit=0 accepted=1
187,SERIALIZABLE,8,1,1,1,,fact=1 audit=0 accepted=1
188,SERIALIZABLE,8,1,1,1,,fact=1 audit=0 accepted=1
189,SERIALIZABLE,8,1,1,1,,fact=1 audit=0 accepted=1
190,SERIALIZABLE,8,1,1,1,,fact=1 audit=0 accepted=1
191,SERIALIZABLE,8,1,1,1,,fact=1 audit=0 accepted=1
192,SERIALIZABLE,8,1,1,1,,fact=1 audit=0 accepted=1
193,SERIALIZABLE,8,1,1,1,,fact=1 audit=0 accepted=1
194,SERIALIZABLE,8,1,1,1,,fact=1 audit=0 accepted=1
195,SERIALIZABLE,8,1,1,1,,fact=1 audit=0 accepted=1
196,SERIALIZABLE,8,1,1,1,,fact=1 audit=0 accepted=1
197,SERIALIZABLE,8,1,1,1,,fact=1 audit=0 accepted=1
198,SERIALIZABLE,8,1,1,1,,fact=1 audit=0 accepted=1
199,SERIALIZABLE,8,1,1,1,,fact=1 audit=0 accepted=1
200,SERIALIZABLE,8,1,1,1,,fact=1 audit=0 accepted=1
201,SERIALIZABLE,8,1,1,1,,fact=1 audit=0 accepted=1
202,SERIALIZABLE,8,1,1,1,,fact=1 audit=0 accepted=1
203,SERIALIZABLE,8,1,1,1,,fact=1 audit=0 accepted=1
204,SERIALIZABLE,8,1,1,1,,fact=1 audit=0 accepted=1
205,SERIALIZABLE,8,1,1,1,,fact=1 audit=0 accepted=1
206,SERIALIZABLE,8,1,1,1,,fact=1 audit=0 accepted=1
207,SERIALIZABLE,8,1,1,1,,fact=1 audit=0 accepted=1
208,SERIALIZABLE,8,1,1,1,,fact=1 audit=0 accepted=1
209,SERIALIZABLE,8,1,1,1,,fact=1 audit=0 accepted=1
210,SERIALIZABLE,8,1,1,1,,fact=1 audit=0 accepted=1
211,SERIALIZABLE,8,1,1,1,,fact=1 audit=0 accepted=1
212,SERIALIZABLE,8,1,1,1,,fact=1 audit=0 accepted=1
213,SERIALIZABLE,8,1,1,1,,fact=1 audit=0 accepted=1
214,SERIALIZABLE,8,1,1,1,,fact=1 audit=0 accepted=1
215,SERIALIZABLE,8,1,1,1,,fact=1 audit=0 accepted=1
216,SERIALIZABLE,8,1,1,1,,fact=1 audit=0 accepted=1
217,SERIALIZABLE,8,1,1,1,,fact=1 audit=0 accepted=1
218,SERIALIZABLE,8,1,1,1,,fact=1 audit=0 accepted=1
219,SERIALIZABLE,8,1,1,1,,fact=1 audit=0 accepted=1
220,SERIALIZABLE,8,1,1,1,,fact=1 audit=0 accepted=1
221,SERIALIZABLE,8,1,1,1,,fact=1 audit=0 accepted=1
222,SERIALIZABLE,8,1,1,1,,fact=1 audit=0 accepted=1
223,SERIALIZABLE,8,1,1,1,,fact=1 audit=0 accepted=1
224,SERIALIZABLE,8,1,1,1,,fact=1 audit=0 accepted=1
225,SERIALIZABLE,8,1,1,1,,fact=1 audit=0 accepted=1
226,SERIALIZABLE,8,1,1,1,,fact=1 audit=0 accepted=1
227,SERIALIZABLE,8,1,1,1,,fact=1 audit=0 accepted=1
228,SERIALIZABLE,8,1,1,1,,fact=1 audit=0 accepted=1
229,SERIALIZABLE,8,1,1,1,,fact=1 audit=0 accepted=1
230,SERIALIZABLE,8,1,1,1,,fact=1 audit=0 accepted=1
231,SERIALIZABLE,8,1,1,1,,fact=1 audit=0 accepted=1
232,SERIALIZABLE,8,1,1,1,,fact=1 audit=0 accepted=1
233,SERIALIZABLE,8,1,1,1,,fact=1 audit=0 accepted=1
234,SERIALIZABLE,8,1,1,1,,fact=1 audit=0 accepted=1
235,SERIALIZABLE,8,1,1,1,,fact=1 audit=0 accepted=1
236,SERIALIZABLE,8,1,1,1,,fact=1 audit=0 accepted=1
237,SERIALIZABLE,8,1,1,1,,fact=1 audit=0 accepted=1
238,SERIALIZABLE,8,1,1,1,,fact=1 audit=0 accepted=1
239,SERIALIZABLE,8,1,1,1,,fact=1 audit=0 accepted=1
240,SERIALIZABLE,8,1,1,1,,fact=1 audit=0 accepted=1
241,SERIALIZABLE,8,1,1,1,,fact=1 audit=0 accepted=1
242,SERIALIZABLE,8,1,1,1,,fact=1 audit=0 accepted=1
243,SERIALIZABLE,8,1,1,1,,fact=1 audit=0 accepted=1
244,SERIALIZABLE,8,1,1,1,,fact=1 audit=0 accepted=1
245,SERIALIZABLE,8,1,1,1,,fact=1 audit=0 accepted=1
246,SERIALIZABLE,8,1,1,1,,fact=1 audit=0 accepted=1
247,SERIALIZABLE,8,1,1,1,,fact=1 audit=0 accepted=1
248,SERIALIZABLE,8,1,1,1,,fact=1 audit=0 accepted=1
249,SERIALIZABLE,8,1,1,1,,fact=1 audit=0 accepted=1
250,SERIALIZABLE,8,1,1,1,,fact=1 audit=0 accepted=1
251,SERIALIZABLE,8,1,1,1,,fact=1 audit=0 accepted=1
252,SERIALIZABLE,8,1,1,1,,fact=1 audit=0 accepted=1
253,SERIALIZABLE,8,1,1,1,,fact=1 audit=0 accepted=1
254,SERIALIZABLE,8,1,1,1,,fact=1 audit=0 accepted=1
255,SERIALIZABLE,8,1,1,1,,fact=1 audit=0 accepted=1
256,SERIALIZABLE,8,1,1,1,,fact=1 audit=0 accepted=1
257,SERIALIZABLE,8,1,1,1,,fact=1 audit=0 accepted=1
258,SERIALIZABLE,8,1,1,1,,fact=1 audit=0 accepted=1
259,SERIALIZABLE,8,1,1,1,,fact=1 audit=0 accepted=1
260,SERIALIZABLE,8,1,1,1,,fact=1 audit=0 accepted=1
261,SERIALIZABLE,8,1,1,1,,fact=1 audit=0 accepted=1
262,SERIALIZABLE,8,1,1,1,,fact=1 audit=0 accepted=1
263,SERIALIZABLE,8,1,1,1,,fact=1 audit=0 accepted=1
264,SERIALIZABLE,8,1,1,1,,fact=1 audit=0 accepted=1
265,SERIALIZABLE,8,1,1,1,,fact=1 audit=0 accepted=1
266,SERIALIZABLE,8,1,1,1,,fact=1 audit=0 accepted=1
267,SERIALIZABLE,8,1,1,1,,fact=1 audit=0 accepted=1
268,SERIALIZABLE,8,1,1,1,,fact=1 audit=0 accepted=1
269,SERIALIZABLE,8,1,1,1,,fact=1 audit=0 accepted=1
270,SERIALIZABLE,8,1,1,1,,fact=1 audit=0 accepted=1
271,SERIALIZABLE,8,1,1,1,,fact=1 audit=0 accepted=1
272,SERIALIZABLE,8,1,1,1,,fact=1 audit=0 accepted=1
273,SERIALIZABLE,8,1,1,1,,fact=1 audit=0 accepted=1
274,SERIALIZABLE,8,1,1,1,,fact=1 audit=0 accepted=1
275,SERIALIZABLE,8,1,1,1,,fact=1 audit=0 accepted=1
276,SERIALIZABLE,8,1,1,1,,fact=1 audit=0 accepted=1
277,SERIALIZABLE,8,1,1,1,,fact=1 audit=0 accepted=1
278,SERIALIZABLE,8,1,1,1,,fact=1 audit=0 accepted=1
279,SERIALIZABLE,8,1,1,1,,fact=1 audit=0 accepted=1
280,SERIALIZABLE,8,1,1,1,,fact=1 audit=0 accepted=1
281,SERIALIZABLE,8,1,1,1,,fact=1 audit=0 accepted=1
282,SERIALIZABLE,8,1,1,1,,fact=1 audit=0 accepted=1
283,SERIALIZABLE,8,1,1,1,,fact=1 audit=0 accepted=1
284,SERIALIZABLE,8,1,1,1,,fact=1 audit=0 accepted=1
285,SERIALIZABLE,8,1,1,1,,fact=1 audit=0 accepted=1
286,SERIALIZABLE,8,1,1,1,,fact=1 audit=0 accepted=1
287,SERIALIZABLE,8,1,1,1,,fact=1 audit=0 accepted=1
288,SERIALIZABLE,8,1,1,1,,fact=1 audit=0 accepted=1
289,SERIALIZABLE,8,1,1,1,,fact=1 audit=0 accepted=1
290,SERIALIZABLE,8,1,1,1,,fact=1 audit=0 accepted=1
291,SERIALIZABLE,8,1,1,1,,fact=1 audit=0 accepted=1
292,SERIALIZABLE,8,1,1,1,,fact=1 audit=0 accepted=1
293,SERIALIZABLE,8,1,1,1,,fact=1 audit=0 accepted=1
294,SERIALIZABLE,8,1,1,1,,fact=1 audit=0 accepted=1
295,SERIALIZABLE,8,1,1,1,,fact=1 audit=0 accepted=1
296,SERIALIZABLE,8,1,1,1,,fact=1 audit=0 accepted=1
297,SERIALIZABLE,8,1,1,1,,fact=1 audit=0 accepted=1
298,SERIALIZABLE,8,1,1,1,,fact=1 audit=0 accepted=1
299,SERIALIZABLE,8,1,1,1,,fact=1 audit=0 accepted=1
300,SERIALIZABLE,8,1,1,1,,fact=1 audit=0 accepted=1
301,SERIALIZABLE,8,1,1,1,,fact=1 audit=0 accepted=1
302,SERIALIZABLE,8,1,1,1,,fact=1 audit=0 accepted=1
303,SERIALIZABLE,8,1,1,1,,fact=1 audit=0 accepted=1
304,SERIALIZABLE,8,1,1,1,,fact=1 audit=0 accepted=1
305,SERIALIZABLE,8,1,1,1,,fact=1 audit=0 accepted=1
306,SERIALIZABLE,8,1,1,1,,fact=1 audit=0 accepted=1
307,SERIALIZABLE,8,1,1,1,,fact=1 audit=0 accepted=1
308,SERIALIZABLE,8,1,1,1,,fact=1 audit=0 accepted=1
309,SERIALIZABLE,8,1,1,1,,fact=1 audit=0 accepted=1
310,SERIALIZABLE,8,1,1,1,,fact=1 audit=0 accepted=1
311,SERIALIZABLE,8,1,1,1,,fact=1 audit=0 accepted=1
312,SERIALIZABLE,8,1,1,1,,fact=1 audit=0 accepted=1
313,SERIALIZABLE,8,1,1,1,,fact=1 audit=0 accepted=1
314,SERIALIZABLE,8,1,1,1,,fact=1 audit=0 accepted=1
315,SERIALIZABLE,8,1,1,1,,fact=1 audit=0 accepted=1
316,SERIALIZABLE,8,1,1,1,,fact=1 audit=0 accepted=1
317,SERIALIZABLE,8,1,1,1,,fact=1 audit=0 accepted=1
318,SERIALIZABLE,8,1,1,1,,fact=1 audit=0 accepted=1
319,SERIALIZABLE,8,1,1,1,,fact=1 audit=0 accepted=1
320,SERIALIZABLE,8,1,1,1,,fact=1 audit=0 accepted=1
321,SERIALIZABLE,8,1,1,1,,fact=1 audit=0 accepted=1
322,SERIALIZABLE,8,1,1,1,,fact=1 audit=0 accepted=1
323,SERIALIZABLE,8,1,1,1,,fact=1 audit=0 accepted=1
324,SERIALIZABLE,8,1,1,1,,fact=1 audit=0 accepted=1
325,SERIALIZABLE,8,1,1,1,,fact=1 audit=0 accepted=1
326,SERIALIZABLE,8,1,1,1,,fact=1 audit=0 accepted=1
327,SERIALIZABLE,8,1,1,1,,fact=1 audit=0 accepted=1
328,SERIALIZABLE,8,1,1,1,,fact=1 audit=0 accepted=1
329,SERIALIZABLE,8,1,1,1,,fact=1 audit=0 accepted=1
330,SERIALIZABLE,8,1,1,1,,fact=1 audit=0 accepted=1
331,SERIALIZABLE,8,1,1,1,,fact=1 audit=0 accepted=1
332,SERIALIZABLE,8,1,1,1,,fact=1 audit=0 accepted=1
333,SERIALIZABLE,8,1,1,1,,fact=1 audit=0 accepted=1
334,SERIALIZABLE,8,1,1,1,,fact=1 audit=0 accepted=1
335,SERIALIZABLE,8,1,1,1,,fact=1 audit=0 accepted=1
336,SERIALIZABLE,8,1,1,1,,fact=1 audit=0 accepted=1
337,SERIALIZABLE,8,1,1,1,,fact=1 audit=0 accepted=1
338,SERIALIZABLE,8,1,1,1,,fact=1 audit=0 accepted=1
339,SERIALIZABLE,8,1,1,1,,fact=1 audit=0 accepted=1
340,SERIALIZABLE,8,1,1,1,,fact=1 audit=0 accepted=1
341,SERIALIZABLE,8,1,1,1,,fact=1 audit=0 accepted=1
342,SERIALIZABLE,8,1,1,1,,fact=1 audit=0 accepted=1
343,SERIALIZABLE,8,1,1,1,,fact=1 audit=0 accepted=1
344,SERIALIZABLE,8,1,1,1,,fact=1 audit=0 accepted=1
345,SERIALIZABLE,8,1,1,1,,fact=1 audit=0 accepted=1
346,SERIALIZABLE,8,1,1,1,,fact=1 audit=0 accepted=1
347,SERIALIZABLE,8,1,1,1,,fact=1 audit=0 accepted=1
348,SERIALIZABLE,8,1,1,1,,fact=1 audit=0 accepted=1
349,SERIALIZABLE,8,1,1,1,,fact=1 audit=0 accepted=1
350,SERIALIZABLE,8,1,1,1,,fact=1 audit=0 accepted=1
351,SERIALIZABLE,8,1,1,1,,fact=1 audit=0 accepted=1
352,SERIALIZABLE,8,1,1,1,,fact=1 audit=0 accepted=1
353,SERIALIZABLE,8,1,1,1,,fact=1 audit=0 accepted=1
354,SERIALIZABLE,8,1,1,1,,fact=1 audit=0 accepted=1
355,SERIALIZABLE,8,1,1,1,,fact=1 audit=0 accepted=1
356,SERIALIZABLE,8,1,1,1,,fact=1 audit=0 accepted=1
357,SERIALIZABLE,8,1,1,1,,fact=1 audit=0 accepted=1
358,SERIALIZABLE,8,1,1,1,,fact=1 audit=0 accepted=1
359,SERIALIZABLE,8,1,1,1,,fact=1 audit=0 accepted=1
360,SERIALIZABLE,8,1,1,1,,fact=1 audit=0 accepted=1
361,SERIALIZABLE,8,1,1,1,,fact=1 audit=0 accepted=1
362,SERIALIZABLE,8,1,1,1,,fact=1 audit=0 accepted=1
363,SERIALIZABLE,8,1,1,1,,fact=1 audit=0 accepted=1
364,SERIALIZABLE,8,1,1,1,,fact=1 audit=0 accepted=1
365,SERIALIZABLE,8,1,1,1,,fact=1 audit=0 accepted=1
366,SERIALIZABLE,8,1,1,1,,fact=1 audit=0 accepted=1
367,SERIALIZABLE,8,1,1,1,,fact=1 audit=0 accepted=1
368,SERIALIZABLE,8,1,1,1,,fact=1 audit=0 accepted=1
369,SERIALIZABLE,8,1,1,1,,fact=1 audit=0 accepted=1
370,SERIALIZABLE,8,1,1,1,,fact=1 audit=0 accepted=1
371,SERIALIZABLE,8,1,1,1,,fact=1 audit=0 accepted=1
372,SERIALIZABLE,8,1,1,1,,fact=1 audit=0 accepted=1
373,SERIALIZABLE,8,1,1,1,,fact=1 audit=0 accepted=1
374,SERIALIZABLE,8,1,1,1,,fact=1 audit=0 accepted=1
375,SERIALIZABLE,8,1,1,1,,fact=1 audit=0 accepted=1
376,SERIALIZABLE,8,1,1,1,,fact=1 audit=0 accepted=1
377,SERIALIZABLE,8,1,1,1,,fact=1 audit=0 accepted=1
378,SERIALIZABLE,8,1,1,1,,fact=1 audit=0 accepted=1
379,SERIALIZABLE,8,1,1,1,,fact=1 audit=0 accepted=1
380,SERIALIZABLE,8,1,1,1,,fact=1 audit=0 accepted=1
381,SERIALIZABLE,8,1,1,1,,fact=1 audit=0 accepted=1
382,SERIALIZABLE,8,1,1,1,,fact=1 audit=0 accepted=1
383,SERIALIZABLE,8,1,1,1,,fact=1 audit=0 accepted=1
384,SERIALIZABLE,8,1,1,1,,fact=1 audit=0 accepted=1
385,SERIALIZABLE,8,1,1,1,,fact=1 audit=0 accepted=1
386,SERIALIZABLE,8,1,1,1,,fact=1 audit=0 accepted=1
387,SERIALIZABLE,8,1,1,1,,fact=1 audit=0 accepted=1
388,SERIALIZABLE,8,1,1,1,,fact=1 audit=0 accepted=1
389,SERIALIZABLE,8,1,1,1,,fact=1 audit=0 accepted=1
390,SERIALIZABLE,8,1,1,1,,fact=1 audit=0 accepted=1
391,SERIALIZABLE,8,1,1,1,,fact=1 audit=0 accepted=1
392,SERIALIZABLE,8,1,1,1,,fact=1 audit=0 accepted=1
393,SERIALIZABLE,8,1,1,1,,fact=1 audit=0 accepted=1
394,SERIALIZABLE,8,1,1,1,,fact=1 audit=0 accepted=1
395,SERIALIZABLE,8,1,1,1,,fact=1 audit=0 accepted=1
396,SERIALIZABLE,8,1,1,1,,fact=1 audit=0 accepted=1
397,SERIALIZABLE,8,1,1,1,,fact=1 audit=0 accepted=1
398,SERIALIZABLE,8,1,1,1,,fact=1 audit=0 accepted=1
399,SERIALIZABLE,8,1,1,1,,fact=1 audit=0 accepted=1
400,SERIALIZABLE,8,1,1,1,,fact=1 audit=0 accepted=1
401,SERIALIZABLE,8,1,1,1,,fact=1 audit=0 accepted=1
402,SERIALIZABLE,8,1,1,1,,fact=1 audit=0 accepted=1
403,SERIALIZABLE,8,1,1,1,,fact=1 audit=0 accepted=1
404,SERIALIZABLE,8,1,1,1,,fact=1 audit=0 accepted=1
405,SERIALIZABLE,8,1,1,1,,fact=1 audit=0 accepted=1
406,SERIALIZABLE,8,1,1,1,,fact=1 audit=0 accepted=1
407,SERIALIZABLE,8,1,1,1,,fact=1 audit=0 accepted=1
408,SERIALIZABLE,8,1,1,1,,fact=1 audit=0 accepted=1
409,SERIALIZABLE,8,1,1,1,,fact=1 audit=0 accepted=1
410,SERIALIZABLE,8,1,1,1,,fact=1 audit=0 accepted=1
411,SERIALIZABLE,8,1,1,1,,fact=1 audit=0 accepted=1
412,SERIALIZABLE,8,1,1,1,,fact=1 audit=0 accepted=1
413,SERIALIZABLE,8,1,1,1,,fact=1 audit=0 accepted=1
414,SERIALIZABLE,8,1,1,1,,fact=1 audit=0 accepted=1
415,SERIALIZABLE,8,1,1,1,,fact=1 audit=0 accepted=1
416,SERIALIZABLE,8,1,1,1,,fact=1 audit=0 accepted=1
417,SERIALIZABLE,8,1,1,1,,fact=1 audit=0 accepted=1
418,SERIALIZABLE,8,1,1,1,,fact=1 audit=0 accepted=1
419,SERIALIZABLE,8,1,1,1,,fact=1 audit=0 accepted=1
420,SERIALIZABLE,8,1,1,1,,fact=1 audit=0 accepted=1
421,SERIALIZABLE,8,1,1,1,,fact=1 audit=0 accepted=1
422,SERIALIZABLE,8,1,1,1,,fact=1 audit=0 accepted=1
423,SERIALIZABLE,8,1,1,1,,fact=1 audit=0 accepted=1
424,SERIALIZABLE,8,1,1,1,,fact=1 audit=0 accepted=1
425,SERIALIZABLE,8,1,1,1,,fact=1 audit=0 accepted=1
426,SERIALIZABLE,8,1,1,1,,fact=1 audit=0 accepted=1
427,SERIALIZABLE,8,1,1,1,,fact=1 audit=0 accepted=1
428,SERIALIZABLE,8,1,1,1,,fact=1 audit=0 accepted=1
429,SERIALIZABLE,8,1,1,1,,fact=1 audit=0 accepted=1
430,SERIALIZABLE,8,1,1,1,,fact=1 audit=0 accepted=1
431,SERIALIZABLE,8,1,1,1,,fact=1 audit=0 accepted=1
432,SERIALIZABLE,8,1,1,1,,fact=1 audit=0 accepted=1
433,SERIALIZABLE,8,1,1,1,,fact=1 audit=0 accepted=1
434,SERIALIZABLE,8,1,1,1,,fact=1 audit=0 accepted=1
435,SERIALIZABLE,8,1,1,1,,fact=1 audit=0 accepted=1
436,SERIALIZABLE,8,1,1,1,,fact=1 audit=0 accepted=1
437,SERIALIZABLE,8,1,1,1,,fact=1 audit=0 accepted=1
438,SERIALIZABLE,8,1,1,1,,fact=1 audit=0 accepted=1
439,SERIALIZABLE,8,1,1,1,,fact=1 audit=0 accepted=1
440,SERIALIZABLE,8,1,1,1,,fact=1 audit=0 accepted=1
441,SERIALIZABLE,8,1,1,1,,fact=1 audit=0 accepted=1
442,SERIALIZABLE,8,1,1,1,,fact=1 audit=0 accepted=1
443,SERIALIZABLE,8,1,1,1,,fact=1 audit=0 accepted=1
444,SERIALIZABLE,8,1,1,1,,fact=1 audit=0 accepted=1
445,SERIALIZABLE,8,1,1,1,,fact=1 audit=0 accepted=1
446,SERIALIZABLE,8,1,1,1,,fact=1 audit=0 accepted=1
447,SERIALIZABLE,8,1,1,1,,fact=1 audit=0 accepted=1
448,SERIALIZABLE,8,1,1,1,,fact=1 audit=0 accepted=1
449,SERIALIZABLE,8,1,1,1,,fact=1 audit=0 accepted=1
450,SERIALIZABLE,8,1,1,1,,fact=1 audit=0 accepted=1
451,SERIALIZABLE,8,1,1,1,,fact=1 audit=0 accepted=1
452,SERIALIZABLE,8,1,1,1,,fact=1 audit=0 accepted=1
453,SERIALIZABLE,8,1,1,1,,fact=1 audit=0 accepted=1
454,SERIALIZABLE,8,1,1,1,,fact=1 audit=0 accepted=1
455,SERIALIZABLE,8,1,1,1,,fact=1 audit=0 accepted=1
456,SERIALIZABLE,8,1,1,1,,fact=1 audit=0 accepted=1
457,SERIALIZABLE,8,1,1,1,,fact=1 audit=0 accepted=1
458,SERIALIZABLE,8,1,1,1,,fact=1 audit=0 accepted=1
459,SERIALIZABLE,8,1,1,1,,fact=1 audit=0 accepted=1
460,SERIALIZABLE,8,1,1,1,,fact=1 audit=0 accepted=1
461,SERIALIZABLE,8,1,1,1,,fact=1 audit=0 accepted=1
462,SERIALIZABLE,8,1,1,1,,fact=1 audit=0 accepted=1
463,SERIALIZABLE,8,1,1,1,,fact=1 audit=0 accepted=1
464,SERIALIZABLE,8,1,1,1,,fact=1 audit=0 accepted=1
465,SERIALIZABLE,8,1,1,1,,fact=1 audit=0 accepted=1
466,SERIALIZABLE,8,1,1,1,,fact=1 audit=0 accepted=1
467,SERIALIZABLE,8,1,1,1,,fact=1 audit=0 accepted=1
468,SERIALIZABLE,8,1,1,1,,fact=1 audit=0 accepted=1
469,SERIALIZABLE,8,1,1,1,,fact=1 audit=0 accepted=1
470,SERIALIZABLE,8,1,1,1,,fact=1 audit=0 accepted=1
471,SERIALIZABLE,8,1,1,1,,fact=1 audit=0 accepted=1
472,SERIALIZABLE,8,1,1,1,,fact=1 audit=0 accepted=1
473,SERIALIZABLE,8,1,1,1,,fact=1 audit=0 accepted=1
474,SERIALIZABLE,8,1,1,1,,fact=1 audit=0 accepted=1
475,SERIALIZABLE,8,1,1,1,,fact=1 audit=0 accepted=1
476,SERIALIZABLE,8,1,1,1,,fact=1 audit=0 accepted=1
477,SERIALIZABLE,8,1,1,1,,fact=1 audit=0 accepted=1
478,SERIALIZABLE,8,1,1,1,,fact=1 audit=0 accepted=1
479,SERIALIZABLE,8,1,1,1,,fact=1 audit=0 accepted=1
480,SERIALIZABLE,8,1,1,1,,fact=1 audit=0 accepted=1
481,SERIALIZABLE,8,1,1,1,,fact=1 audit=0 accepted=1
482,SERIALIZABLE,8,1,1,1,,fact=1 audit=0 accepted=1
483,SERIALIZABLE,8,1,1,1,,fact=1 audit=0 accepted=1
484,SERIALIZABLE,8,1,1,1,,fact=1 audit=0 accepted=1
485,SERIALIZABLE,8,1,1,1,,fact=1 audit=0 accepted=1
486,SERIALIZABLE,8,1,1,1,,fact=1 audit=0 accepted=1
487,SERIALIZABLE,8,1,1,1,,fact=1 audit=0 accepted=1
488,SERIALIZABLE,8,1,1,1,,fact=1 audit=0 accepted=1
489,SERIALIZABLE,8,1,1,1,,fact=1 audit=0 accepted=1
490,SERIALIZABLE,8,1,1,1,,fact=1 audit=0 accepted=1
491,SERIALIZABLE,8,1,1,1,,fact=1 audit=0 accepted=1
492,SERIALIZABLE,8,1,1,1,,fact=1 audit=0 accepted=1
493,SERIALIZABLE,8,1,1,1,,fact=1 audit=0 accepted=1
494,SERIALIZABLE,8,1,1,1,,fact=1 audit=0 accepted=1
495,SERIALIZABLE,8,1,1,1,,fact=1 audit=0 accepted=1
496,SERIALIZABLE,8,1,1,1,,fact=1 audit=0 accepted=1
497,SERIALIZABLE,8,1,1,1,,fact=1 audit=0 accepted=1
498,SERIALIZABLE,8,1,1,1,,fact=1 audit=0 accepted=1
499,SERIALIZABLE,8,1,1,1,,fact=1 audit=0 accepted=1
