cell_id,client_count,contention,isolation,retry_mode,writes_attempted,writes_committed,writes_dropped,serialization_failures,deadlock_failures,retries_total,retries_p50,retries_p95,retries_p99,latency_p50_us,latency_p95_us,latency_p99_us,wall_clock_s,throughput_rps,invariant_violations_count,invariant_violations
n1_c1_READCOMMITTED_raw,1,0.01,READ COMMITTED,raw,1000,1000,0,0,0,0,0.0,0.0,0.0,106.1044167727232,244.77168917655945,514.9449035525322,0.2033090591430664,4918.619977953421,0,[]
n1_c1_READCOMMITTED_app,1,0.01,READ COMMITTED,app,1000,1000,0,0,0,0,0.0,0.0,0.0,101.45781561732292,171.98531422764063,264.27099481225014,0.17468023300170898,5724.746199475338,0,[]
n1_c1_SERIALIZABLE_raw,1,0.01,SERIALIZABLE,raw,1000,1000,0,0,0,0,0.0,0.0,0.0,103.16702537238598,226.75790823996067,395.22104896605015,0.1845259666442871,5419.291486101313,0,[]
n1_c1_SERIALIZABLE_app,1,0.01,SERIALIZABLE,app,1000,1000,0,0,0,0,0.0,0.0,0.0,110.5212140828371,265.75883384793997,459.0877424925566,0.20518708229064941,4873.601148943142,0,[]
n1_c100_READCOMMITTED_raw,1,1.0,READ COMMITTED,raw,1000,1000,0,0,0,0,0.0,0.0,0.0,173.02017658948898,252.60248221457005,374.460332095623,0.25614023208618164,3904.1113996630456,0,[]
n1_c100_READCOMMITTED_app,1,1.0,READ COMMITTED,app,1000,1000,0,0,0,0,0.0,0.0,0.0,170.31258903443813,312.61842232197523,604.263786226511,0.27588605880737305,3624.6847858963833,0,[]
n1_c100_SERIALIZABLE_raw,1,1.0,SERIALIZABLE,raw,1000,1000,0,0,0,0,0.0,0.0,0.0,210.1454883813858,342.5399772822857,540.4347786679864,0.3014390468597412,3317.4202559939004,0,[]
n1_c100_SERIALIZABLE_app,1,1.0,SERIALIZABLE,app,1000,1000,0,0,0,0,0.0,0.0,0.0,197.66716286540031,284.0911038219929,413.6524861678481,0.2760491371154785,3622.543473416742,0,[]
n2_c1_READCOMMITTED_raw,2,0.01,READ COMMITTED,raw,2000,2000,0,0,0,0,0.0,0.0,0.0,114.54196646809578,210.85618063807487,326.0423941537738,0.20216035842895508,9893.136396979911,0,[]
n2_c1_READCOMMITTED_app,2,0.01,READ COMMITTED,app,2000,2000,0,0,0,0,0.0,0.0,0.0,116.85444042086601,228.56895811855793,328.6389959976077,0.20645928382873535,9687.140064183623,0,[]
n2_c1_SERIALIZABLE_raw,2,0.01,SERIALIZABLE,raw,2000,1983,17,17,0,0,0.0,0.0,0.0,118.8749447464943,268.2206220924854,468.42985786497593,0.22694611549377441,8737.756959115688,0,[]
n2_c1_SERIALIZABLE_app,2,0.01,SERIALIZABLE,app,2000,2000,0,0,0,9,0.0,0.0,0.0,217.9995644837618,325.4308132454753,478.6837799474597,0.5568220615386963,3591.8117081663263,0,[]
n2_c100_READCOMMITTED_raw,2,1.0,READ COMMITTED,raw,2000,2000,0,0,0,0,0.0,0.0,0.0,284.3954134732485,567.0334445312619,820.2484296634793,0.3970181941986084,5037.552508234672,0,[]
n2_c100_READCOMMITTED_app,2,1.0,READ COMMITTED,app,2000,2000,0,0,0,0,0.0,0.0,0.0,280.56278824806213,555.7673051953316,872.83696513623,0.39807629585266113,5024.162505622426,1,"[{""label"": ""no_two_live_for_slot"", ""detail"": ""entity_id=99999999 attribute='concur_hotspot_slot' has 2 live rows; expected <= 1""}]"
n2_c100_SERIALIZABLE_raw,2,1.0,SERIALIZABLE,raw,2000,1005,995,995,0,0,0.0,0.0,0.0,223.00006821751595,397.6833075284958,556.6860362887383,0.3306891918182373,3039.107490856237,0,[]
n2_c100_SERIALIZABLE_app,2,1.0,SERIALIZABLE,app,2000,2000,0,0,0,5,0.0,0.0,0.0,276.45821683108807,398.8189622759819,493.9378472045064,0.7513689994812012,2661.807981672045,0,[]
n4_c1_READCOMMITTED_raw,4,0.01,READ COMMITTED,raw,4000,4000,0,0,0,0,0.0,0.0,0.0,220.27082741260529,504.72551956772804,689.0550814568996,0.48950982093811035,8171.439731963473,0,[]
n4_c1_READCOMMITTED_app,4,0.01,READ COMMITTED,app,4000,4000,0,0,0,0,0.0,0.0,0.0,229.0629781782627,516.5623733773828,754.6711387112737,0.5135281085968018,7789.252298048232,0,[]
n4_c1_SERIALIZABLE_raw,4,0.01,SERIALIZABLE,raw,4000,3563,437,437,0,0,0.0,0.0,0.0,230.16706109046936,528.5586230456829,724.6936485171318,0.5580422878265381,6384.820788182854,0,[]
n4_c1_SERIALIZABLE_app,4,0.01,SERIALIZABLE,app,4000,4000,0,0,0,24,0.0,0.0,0.0,128.68735939264297,479.0042992681265,557.7540537342429,0.8684561252593994,4605.874590158759,0,[]
n4_c100_READCOMMITTED_raw,4,1.0,READ COMMITTED,raw,4000,4000,0,0,0,0,0.0,0.0,0.0,682.3542062193155,1356.051443144679,1628.7824837490916,0.8778581619262695,4556.544751173546,0,[]
n4_c100_READCOMMITTED_app,4,1.0,READ COMMITTED,app,4000,4000,0,0,0,0,0.0,0.0,0.0,692.7922368049622,1341.318292543292,1592.0206066220999,0.8764519691467285,4563.855340406398,1,"[{""label"": ""no_two_live_for_slot"", ""detail"": ""entity_id=99999999 attribute='concur_hotspot_slot' has 2 live rows; expected <= 1""}]"
n4_c100_SERIALIZABLE_raw,4,1.0,SERIALIZABLE,raw,4000,1059,2941,2941,0,0,0.0,0.0,0.0,337.29104325175285,540.541484951973,662.930179387331,0.5060019493103027,2092.8773129104575,0,[]
n4_c100_SERIALIZABLE_app,4,1.0,SERIALIZABLE,app,4000,3999,1,1,0,23,0.0,0.0,0.0,463.91692012548447,714.4831586629152,820.598416030407,2.546067953109741,1570.6572148302887,0,[]
n8_c1_READCOMMITTED_raw,8,0.01,READ COMMITTED,raw,8000,8000,0,0,0,0,0.0,0.0,0.0,821.2081156671047,1510.9338564798236,1896.3828217238188,1.4085350036621094,5679.660057577883,0,[]
n8_c1_READCOMMITTED_app,8,0.01,READ COMMITTED,app,8000,8000,0,0,0,0,0.0,0.0,0.0,841.4785843342543,1557.1207739412785,1939.5139254629612,1.473203182220459,5430.343958354844,0,[]
n8_c1_SERIALIZABLE_raw,8,0.01,SERIALIZABLE,raw,8000,6627,1373,1373,0,0,0.0,0.0,0.0,821.7082358896732,1574.0168746560812,1967.7368830889463,1.5528450012207031,4267.650663646704,0,[]
n8_c1_SERIALIZABLE_app,8,0.01,SERIALIZABLE,app,8000,7991,9,9,0,157,0.0,0.0,0.0,603.6669947206974,1139.4587345421314,1512.4000143259764,5.128083944320679,1558.2818235356665,0,[]
n8_c100_READCOMMITTED_raw,8,1.0,READ COMMITTED,raw,8000,8000,0,0,0,0,0.0,0.0,0.0,1933.687599375844,4266.885458491743,5608.738949522376,2.4103879928588867,3318.967744488076,0,[]
n8_c100_READCOMMITTED_app,8,1.0,READ COMMITTED,app,8000,8000,0,0,0,0,0.0,0.0,0.0,1895.6868443638086,4251.114604994655,5446.742465719581,2.3685598373413086,3377.5798583919004,0,[]
n8_c100_SERIALIZABLE_raw,8,1.0,SERIALIZABLE,raw,8000,1497,6503,6503,0,0,0.0,0.0,0.0,852.6253513991833,1347.000151872635,1675.3475926816463,1.3639109134674072,1097.579017235258,0,[]
n8_c100_SERIALIZABLE_app,8,1.0,SERIALIZABLE,app,8000,7986,14,14,0,168,0.0,0.0,0.0,725.3335788846016,1214.1565093770623,1360.883261077106,7.194388151168823,1110.0318515206284,0,[]
n16_c1_READCOMMITTED_raw,16,0.01,READ COMMITTED,raw,16000,16000,0,0,0,0,0.0,0.0,0.0,2225.8125245571136,3771.385340951383,4763.551326468587,3.291343927383423,4861.236125122846,1,"[{""label"": ""no_two_live_for_slot"", ""detail"": ""entity_id=99999999 attribute='concur_hotspot_slot' has 2 live rows; expected <= 1""}]"
n16_c1_READCOMMITTED_app,16,0.01,READ COMMITTED,app,16000,16000,0,0,0,0,0.0,0.0,0.0,1987.1455151587725,3523.1269663199782,4480.228777974844,3.1970670223236084,5004.586981842908,0,[]
n16_c1_SERIALIZABLE_raw,16,0.01,SERIALIZABLE,raw,16000,15045,955,955,0,0,0.0,0.0,0.0,2009.2502236366272,3567.6167346537113,4555.826671421528,3.4927890300750732,4307.445960936446,0,[]
n16_c1_SERIALIZABLE_app,16,0.01,SERIALIZABLE,app,16000,15964,36,36,0,615,0.0,0.0,1.0,1106.7704763263464,1754.3893307447433,2038.5048305615783,14.003977060317993,1139.96187877485,0,[]
n16_c100_READCOMMITTED_raw,16,1.0,READ COMMITTED,raw,16000,16000,0,0,0,0,0.0,0.0,0.0,5747.437477111816,14183.0881126225,18255.212595686316,6.948791027069092,2302.5588102551687,0,[]
n16_c100_READCOMMITTED_app,16,1.0,READ COMMITTED,app,16000,16000,0,0,0,0,0.0,0.0,0.0,4891.374846920371,16225.960431620479,23558.031721040606,6.815299987792969,2347.6589480518755,0,[]
n16_c100_SERIALIZABLE_raw,16,1.0,SERIALIZABLE,raw,16000,2180,13820,13820,0,0,0.0,0.0,0.0,2048.5834684222937,3477.8565168380737,4199.476013891399,3.6718525886535645,593.7057513519045,0,[]
n16_c100_SERIALIZABLE_app,16,1.0,SERIALIZABLE,app,16000,15840,160,160,0,577,0.0,0.0,0.0,1429.1254337877035,2501.854090951383,2928.8972448557615,24.73518991470337,640.3831971625254,0,[]
n32_c1_READCOMMITTED_raw,32,0.01,READ COMMITTED,raw,32000,32000,0,0,0,0,0.0,0.0,0.0,4086.3959584385157,7537.426869384944,9618.346258066595,6.576493978500366,4865.814536531658,0,[]
n32_c1_READCOMMITTED_app,32,0.01,READ COMMITTED,app,32000,32000,0,0,0,0,0.0,0.0,0.0,4087.2085373848677,7508.398173376918,10036.725355312228,6.701608896255493,4774.9727707744805,0,[]
n32_c1_SERIALIZABLE_raw,32,0.01,SERIALIZABLE,raw,32000,5829,26171,26171,0,0,0.0,0.0,0.0,4183.749668300152,8068.299666047096,10454.211588948965,7.994001150131226,729.1717740000968,0,[]
n32_c1_SERIALIZABLE_app,32,0.01,SERIALIZABLE,app,32000,31985,15,15,0,1465,0.0,0.0,1.0,2260.7501596212387,5025.607999414206,6520.163267850876,7.595931053161621,4210.807046054878,0,[]
n32_c100_READCOMMITTED_raw,32,1.0,READ COMMITTED,raw,32000,32000,0,0,0,0,0.0,0.0,0.0,21554.166451096535,63260.80618891865,87488.1974607706,27.460752248764038,1165.2994684965436,1,"[{""label"": ""no_two_live_for_slot"", ""detail"": ""entity_id=99999999 attribute='concur_hotspot_slot' has 2 live rows; expected <= 1""}]"
n32_c100_READCOMMITTED_app,32,1.0,READ COMMITTED,app,32000,32000,0,0,0,0,0.0,0.0,0.0,21345.186978578568,63002.12945789099,83057.32823442668,27.32344913482666,1171.1552169748795,0,[]
n32_c100_SERIALIZABLE_raw,32,1.0,SERIALIZABLE,raw,32000,2737,29263,29263,0,0,0.0,0.0,0.0,4226.291086524725,7838.407997041941,10033.828280866146,8.032371044158936,340.7462111689077,0,[]
n32_c100_SERIALIZABLE_app,32,1.0,SERIALIZABLE,app,32000,30610,1390,1390,0,4082,0.0,0.0,6.0,2432.791516184807,4797.404655255377,5384.400933980942,81.3387930393219,376.32719710018443,0,[]
